{
 "code": "mnl",
 "products": [
  0,
  1,
  2,
  3,
  4
 ],
 "etas": [
  1.1103884568692308,
  0.1113934587984056,
  0.0788976774101305,
  0.699320406922233
 ]
}