{
 "code": "mnl",
 "products": [
  0,
  1,
  2,
  3,
  4
 ],
 "etas": [
  0.5750184859363954,
  0.6703834036893814,
  0.25772163114429997,
  0.4968764792299232
 ]
}