{
 "code": "mnl",
 "products": [
  0,
  1,
  2,
  3,
  4
 ],
 "etas": [
  0.9377396833535955,
  0.3709024395584349,
  0.14585337523133907,
  0.5455045018566307
 ]
}