dia,modelo_id,modelo_clase,porcentaje
1,2,MultinomialLogitModel,0.39285714285714285
1,0,MultinomialLogitModel,0.30357142857142855
1,1,MultinomialLogitModel,0.30357142857142855
2,0,MultinomialLogitModel,0.37037037037037035
2,2,MultinomialLogitModel,0.3333333333333333
2,1,MultinomialLogitModel,0.2962962962962963
3,2,MultinomialLogitModel,0.42857142857142855
3,0,MultinomialLogitModel,0.3673469387755102
3,1,MultinomialLogitModel,0.20408163265306123
