{
 "code": "mnl",
 "products": [
  0,
  1,
  2,
  3,
  4
 ],
 "etas": [
  0.9229488101312735,
  0.09647342654963775,
  0.6829215342514419,
  0.29765622906764666
 ]
}