{
 "code": "mnl",
 "products": [
  0,
  1,
  2,
  3,
  4
 ],
 "etas": [
  0.2514341916795699,
  0.6431463001498429,
  0.48771379607661136,
  0.617705712093976
 ]
}