{
 "code": "mnl",
 "products": [
  0,
  1,
  2,
  3,
  4
 ],
 "etas": [
  0.9160001577979237,
  0.6676262068355051,
  0.3579282998977759,
  0.05844533546879541
 ]
}